Workbook

Sheet 읽는 법
A1: AKI 위험 예측 모델 입력 변수 280개 전체 목록
A3: 모델: LightGBM + 추세 특징 26개 (ICU 입실 48시간 시점, 이후 24시간 안 첫 AKI 예측). 테스트 AUROC 0.775.
A4: 분포 값(p1~p99, 평균, 중앙값)은 전체 코호트 11,000건(AKI 15.8%)에서 계산했고, 환자 단위 값은 포함하지 않는 집계입니다.
A5: p5는 5번째 백분위수, IQR은 25~75번째 백분위수 구간입니다. 극단값 대신 p1과 p99를 사용했습니다.
A6: 결측값은 채우지 않고 그대로 모델에 넣었습니다 (LightGBM이 결측을 자체 처리). 결측(%)이 큰 변수는 해당 측정이 없었던 환자가 많다는 뜻입니다.
A7: 형식: 수치(연속값), 정수(횟수·시간 수), 0/1(있음·없음), 범주(문자 값).
A8: '_mean/_min/_max/_last'는 ICU 입실 후 0~47시간 시간별 값의 평균/최솟값/최댓값/마지막 값이고, '_n_hours_obs'는 값이 기록된 시간 수입니다.
A9: tr_* 변수는 hourly 자료에서 만든 추세 특징입니다 (예: tr_uo_rate_6h = 최근 6시간 평균 소변량 속도).
A10: atc_* / drug_pip_tazo / atc3_* 변수는 time zero 이전에 시작된 처방의 약 계열 여부(0/1)입니다.
A11: SHAP 순위와 평균 |SHAP|은 테스트 1,658건 기준이며, 분할 횟수가 0이면 모델이 한 번도 쓰지 않은 변수입니다.
A12: 설명 문구는 팀 파이프라인의 feature_dictionary_kr.md와 추세 특징 설명을 그대로 사용했습니다.

Sheet 변수 목록
A1: 번호 | B1: 변수명 | C1: 계열 | D1: 설명 | E1: 형식 | F1: 단위 | G1: 결측(%) | H1: 값 예시 | I1: p1 | J1: p5 | K1: p25 | L1: 중앙값 | M1: p75 | N1: p95 | O1: p99 | P1: 평균 | Q1: 고유값 수 | R1: SHAP 순위 | S1: 평균 |SHAP| | T1: SHAP 비중(%) | U1: 분할 횟수 | V1: 모델 사용
A2: 1 | B2: age_at_icu | C2: 정적·치료력(나이, 병동, 투석, 승압제 등) | D2: ICU 입실 시 나이(세): patients.anchor_age에 patients.anchor_year부터 icustays.intime까지의 연수를 더한 값 | E2: 수치 | F2: 세 | G2: 0 | H2: 중앙값 66.0 (IQR 54.0~76.0) | 5~95% 30.0~88.0 | I2: 22 | J2: 30 | K2: 54 | L2: 66 | M2: 76 | N2: 88 | O2: 92 | P2: 63.73164 | Q2: 82 | R2: 15 | S2: 0.04336 | T2: 1.41332 | U2: 40 | V2: 사용
A3: 2 | B3: gender | C3: 정적·치료력(나이, 병동, 투석, 승압제 등) | D3: 성별(F 또는 M) | E3: 범주 | F3: 범주 | G3: 0 | H3: M 56.2% / F 43.8% | Q3: 2 | R3: 151 | S3: 0.00186 | T3: 0.06066 | U3: 2 | V3: 사용
A4: 3 | B4: first_careunit | C4: 정적·치료력(나이, 병동, 투석, 승압제 등) | D4: 첫 ICU 병동 | E4: 범주 | F4: 범주 | G4: 0 | H4: Medical Intensive Care Unit (MICU) 18.5% / Neuro Intermediate 17.2% / Medical/Surgical Intensive Care Unit (MICU/SICU) 14.5% 외 11개 (전체는 '범주형 변수 값' 시트) | Q4: 14 | R4: 1 | S4: 0.217 | T4: 7.07334 | U4: 71 | V4: 사용
A5: 4 | B5: admission_type | C5: 정적·치료력(나이, 병동, 투석, 승압제 등) | D5: 입원 유형 | E5: 범주 | F5: 범주 | G5: 0 | H5: EW EMER. 50.9% / OBSERVATION ADMIT 18.6% / URGENT 18.2% 외 5개 (전체는 '범주형 변수 값' 시트) | Q5: 8 | R5: 280 | S5: 0 | T5: 0 | U5: 0 | V5: 미사용
A6: 5 | B6: weight_kg | C6: 정적·치료력(나이, 병동, 투석, 승압제 등) | D6: eGFR과 소변량 계산에 쓰는 체중(kg). 출처는 칼럼 weight_src에 있다. MIMIC-IV 항목은 itemids_kr.md에 있다 | E6: 수치 | F6: kg | G6: 0 | H6: 중앙값 75.0 (IQR 63.1~89.0) | 5~95% 49.0~117 | I6: 40.5 | J6: 49 | K6: 63.1 | L6: 75 | M6: 89 | N6: 117.4 | O6: 147.307 | P6: 77.94538 | Q6: 1211 | R6: 8 | S6: 0.06026 | T6: 1.96415 | U6: 60 | V6: 사용
A7: 6 | B7: esrd_known_at_t0 | C7: 정적·치료력(나이, 병동, 투석, 승압제 등) | D7: 현재 입원의 ICD 코드를 뺀 ESRD 또는 만성 투석 플래그이다. | E7: 0/1 | F7: 0/1 | G7: 0 | H7: 1 = 1.90% , 0 = 98.1% | I7: 0 | J7: 0 | K7: 0 | L7: 0 | M7: 0 | N7: 0 | O7: 1 | P7: 0.01945 | Q7: 2 | R7: 126 | S7: 0.00379 | T7: 0.12367 | U7: 7 | V7: 사용
A8: 7 | B8: ckd_icd_prior_adm | C8: 정적·치료력(나이, 병동, 투석, 승압제 등) | D8: 이전 입원의 CKD ICD 코드(1~5기 또는 미분류, 투석 제외). | E8: 0/1 | F8: 0/1 | G8: 0 | H8: 1 = 9.80% , 0 = 90.2% | I8: 0 | J8: 0 | K8: 0 | L8: 0 | M8: 0 | N8: 1 | O8: 1 | P8: 0.098 | Q8: 2 | R8: 146 | S8: 0.00215 | T8: 0.07003 | U8: 3 | V8: 사용
A9: 8 | B9: creat_baseline_7d | C9: 검사(크레아티닌·eGFR·전해질 등) | D9: ICU 입실 7일 전부터 time zero까지의 최저 크레아티닌. | E9: 수치 | F9: mg/dL | G9: 0 | H9: 중앙값 0.80 (IQR 0.60~1.00) | 5~95% 0.40~2.00 | I9: 0.3 | J9: 0.4 | K9: 0.6 | L9: 0.8 | M9: 1 | N9: 2 | O9: 3.901 | P9: 0.93888 | Q9: 88 | R9: 54 | S9: 0.01656 | T9: 0.53977 | U9: 19 | V9: 사용
A10: 9 | B10: creat_last_pre_icu | C10: 검사(크레아티닌·eGFR·전해질 등) | D10: ICU 입실 전 7일 중 마지막 크레아티닌. | E10: 수치 | F10: mg/dL | G10: 19.8 | H10: 중앙값 0.90 (IQR 0.70~1.30) | 5~95% 0.50~2.90 | I10: 0.4 | J10: 0.5 | K10: 0.7 | L10: 0.9 | M10: 1.3 | N10: 2.9 | O10: 6.181 | P10: 1.23559 | Q10: 114 | R10: 83 | S10: 0.01015 | T10: 0.3307 | U10: 27 | V10: 사용
A11: 10 | B11: n_dialysis_sessions_before_t0 | C11: 정적·치료력(나이, 병동, 투석, 승압제 등) | D11: time zero 이전에 시작한 투석 횟수. | E11: 정수 | F11: 회 | G11: 0 | H11: 중앙값 0.00 (IQR 0.00~0.00) | 5~95% 0.00~0.00 | I11: 0 | J11: 0 | K11: 0 | L11: 0 | M11: 0 | N11: 0 | O11: 0 | P11: 0.01082 | Q11: 7 | R11: 279 | S11: 0 | T11: 0 | U11: 0 | V11: 미사용
A12: 11 | B12: first_dialysis_hour | C12: 정적·치료력(나이, 병동, 투석, 승압제 등) | D12: 첫 투석 시작 시점(ICU 입실 후 경과 시간). | E12: 수치 | F12: 시간 | G12: 99.3 | H12: 중앙값 10.1 (IQR 4.27~18.3) | 5~95% 1.46~39.4 | I12: 0.63083 | J12: 1.45889 | K12: 4.26667 | L12: 10.1 | M12: 18.26667 | N12: 39.43917 | O12: 43.60333 | P12: 13.22491 | Q12: 80 | R12: 277 | S12: 0 | T12: 0 | U12: 0 | V12: 미사용
A13: 12 | B13: vasopressor_hours | C13: 정적·치료력(나이, 병동, 투석, 승압제 등) | D13: 승압제를 주입한 시간 수. | E13: 정수 | F13: 시간 | G13: 0 | H13: 중앙값 0.00 (IQR 0.00~2.00) | 5~95% 0.00~45.0 | I13: 0 | J13: 0 | K13: 0 | L13: 0 | M13: 2 | N13: 45 | O13: 48 | P13: 7.00091 | Q13: 49 | R13: 141 | S13: 0.00232 | T13: 0.07549 | U13: 4 | V13: 사용
A14: 13 | B14: dialysis_hours | C14: 정적·치료력(나이, 병동, 투석, 승압제 등) | D14: 투석한 시간 수. | E14: 정수 | F14: 시간 | G14: 0 | H14: 중앙값 0.00 (IQR 0.00~0.00) | 5~95% 0.00~0.00 | I14: 0 | J14: 0 | K14: 0 | L14: 0 | M14: 0 | N14: 0 | O14: 0 | P14: 0.19564 | Q14: 34 | R14: 278 | S14: 0 | T14: 0 | U14: 0 | V14: 미사용
A15: 14 | B15: crrt_hours | C15: 정적·치료력(나이, 병동, 투석, 승압제 등) | D15: CRRT를 한 시간 수. | E15: 정수 | F15: 시간 | G15: 0 | H15: 중앙값 0.00 (IQR 0.00~0.00) | 5~95% 0.00~0.00 | I15: 0 | J15: 0 | K15: 0 | L15: 0 | M15: 0 | N15: 0 | O15: 0 | P15: 0.11282 | Q15: 20 | R15: 191 | S15: 0 | T15: 0 | U15: 0 | V15: 미사용
A16: 15 | B16: urine_ml_kg_h_overall | C16: 소변량·수액·체중 | D16: 0~47시간의 소변량 속도. 총 소변량을 체중과 커버한 시간으로 나눈 값이다. | E16: 수치 | F16: mL/kg/h | G16: 5.7 | H16: 중앙값 1.29 (IQR 0.93~1.77) | 5~95% 0.56~2.82 | I16: 0.29955 | J16: 0.56287 | K16: 0.93082 | L16: 1.28625 | M16: 1.77134 | N16: 2.81608 | O16: 4.02736 | P16: 1.44064 | Q16: 10337 | R16: 7 | S16: 0.064 | T16: 2.08599 | U16: 52 | V16: 사용
A17: 16 | B17: fluid_balance_ml | C17: 소변량·수액·체중 | D17: 0~47시간의 섭취량에서 소변량, 배액량, 대변량, 기타 배출량을 뺀 값. 섭취 값이나 소변 값이 없으면 비어 있다. | E17: 수치 | F17: mL | G17: 15.1 | H17: 중앙값 1466 (IQR -330~3779) | 5~95% -3387~9035 | I17: -5879.0785 | J17: -3386.5734 | K17: -329.69065 | L17: 1465.8017 | M17: 3778.8354 | N17: 9034.9796 | O17: 14853.172 | P17: 2009.7041 | Q17: 9316 | R17: 46 | S17: 0.01908 | T17: 0.62208 | U17: 30 | V17: 사용
... A281: 280 | B281: tr_vaso_h_12h | C281: 추세(tr_) | D281: 최근 12시간 승압제 시간 | E281: 정수 | F281: 시간 | G281: 0 | H281: 중앙값 0.00 (IQR 0.00~0.00) | 5~95% 0.00~12.0 | I281: 0 | J281: 0 | K281: 0 | L281: 0 | M281: 0 | N281: 12 | O281: 12 | P281: 1.48009 | Q281: 13 | R281: 184 | S281: 0.00048 | T281: 0.01555 | U281: 1 | V281: 사용

Sheet 계열별 요약
A1: 계열 | B1: 변수 수 | C1: 모델이 사용한 변수 수 | D1: SHAP 비중 합(%) | E1: 평균 결측(%)
A2: 추세(tr_) | B2: =COUNTIF('변수 목록'!$C$2:$C$281,A2) -> 26 | C2: =COUNTIFS('변수 목록'!$C$2:$C$281,A2,'변수 목록'!$U$2:$U$281,">0") -> 26 | D2: =SUMIF('변수 목록'!$C$2:$C$281,A2,'변수 목록'!$T$2:$T$281) -> 22.682 | E2: =AVERAGEIF('변수 목록'!$C$2:$C$281,A2,'변수 목록'!$G$2:$G$281) -> 5.5692308
A3: 검사(크레아티닌·eGFR·전해질 등) | B3: =COUNTIF('변수 목록'!$C$2:$C$281,A3) -> 56 | C3: =COUNTIFS('변수 목록'!$C$2:$C$281,A3,'변수 목록'!$U$2:$U$281,">0") -> 53 | D3: =SUMIF('변수 목록'!$C$2:$C$281,A3,'변수 목록'!$T$2:$T$281) -> 19.63844 | E3: =AVERAGEIF('변수 목록'!$C$2:$C$281,A3,'변수 목록'!$G$2:$G$281) -> 6.8107143
A4: 활력징후 | B4: =COUNTIF('변수 목록'!$C$2:$C$281,A4) -> 30 | C4: =COUNTIFS('변수 목록'!$C$2:$C$281,A4,'변수 목록'!$U$2:$U$281,">0") -> 30 | D4: =SUMIF('변수 목록'!$C$2:$C$281,A4,'변수 목록'!$T$2:$T$281) -> 18.07661 | E4: =AVERAGEIF('변수 목록'!$C$2:$C$281,A4,'변수 목록'!$G$2:$G$281) -> 0.4
A5: 소변량·수액·체중 | B5: =COUNTIF('변수 목록'!$C$2:$C$281,A5) -> 20 | C5: =COUNTIFS('변수 목록'!$C$2:$C$281,A5,'변수 목록'!$U$2:$U$281,">0") -> 20 | D5: =SUMIF('변수 목록'!$C$2:$C$281,A5,'변수 목록'!$T$2:$T$281) -> 17.94798 | E5: =AVERAGEIF('변수 목록'!$C$2:$C$281,A5,'변수 목록'!$G$2:$G$281) -> 25.6
A6: 정적·치료력(나이, 병동, 투석, 승압제 등) | B6: =COUNTIF('변수 목록'!$C$2:$C$281,A6) -> 13 | C6: =COUNTIFS('변수 목록'!$C$2:$C$281,A6,'변수 목록'!$U$2:$U$281,">0") -> 7 | D6: =SUMIF('변수 목록'!$C$2:$C$281,A6,'변수 목록'!$T$2:$T$281) -> 10.78066 | E6: =AVERAGEIF('변수 목록'!$C$2:$C$281,A6,'변수 목록'!$G$2:$G$281) -> 7.6384615
A7: 약 계열 ATC3 플래그 | B7: =COUNTIF('변수 목록'!$C$2:$C$281,A7) -> 124 | C7: =COUNTIFS('변수 목록'!$C$2:$C$281,A7,'변수 목록'!$U$2:$U$281,">0") -> 50 | D7: =SUMIF('변수 목록'!$C$2:$C$281,A7,'변수 목록'!$T$2:$T$281) -> 6.61583 | E7: =AVERAGEIF('변수 목록'!$C$2:$C$281,A7,'변수 목록'!$G$2:$G$281) -> 0
A8: 신독성 약 10군 | B8: =COUNTIF('변수 목록'!$C$2:$C$281,A8) -> 11 | C8: =COUNTIFS('변수 목록'!$C$2:$C$281,A8,'변수 목록'!$U$2:$U$281,">0") -> 3 | D8: =SUMIF('변수 목록'!$C$2:$C$281,A8,'변수 목록'!$T$2:$T$281) -> 4.25844 | E8: =AVERAGEIF('변수 목록'!$C$2:$C$281,A8,'변수 목록'!$G$2:$G$281) -> 0
A9: 합계 | B9: =SUM(B2:B8) -> 280 | C9: =SUM(C2:C8) -> 189 | D9: =SUM(D2:D8) -> 99.99996
A11: SHAP 비중은 테스트 1,658건의 평균 |SHAP|을 전체 변수 합으로 나눈 값입니다. 계열은 변수 이름 규칙으로 나눈 분류입니다.

Sheet 범주형 변수 값
A1: 변수명 | B1: 범주 값 | C1: 비율(%) 또는 표기
A2: gender | B2: M | C2: 56.2%
A3: gender | B3: F | C3: 43.8%
A4: first_careunit | B4: Medical Intensive Care Unit (MICU) | C4: 18.5%
A5: first_careunit | B5: Neuro Intermediate | C5: 17.2%
A6: first_careunit | B6: Medical/Surgical Intensive Care Unit (MICU/SICU) | C6: 14.5%
A7: first_careunit | B7: Surgical Intensive Care Unit (SICU) | C7: 13.5%
A8: first_careunit | B8: Coronary Care Unit (CCU) | C8: 10.9%
A9: first_careunit | B9: Trauma SICU (TSICU) | C9: 9.4%
A10: first_careunit | B10: Cardiac Vascular Intensive Care Unit (CVICU) | C10: 8.8%
A11: first_careunit | B11: Neuro Stepdown | C11: 3.3%
A12: first_careunit | B12: Neuro Surgical Intensive Care Unit (Neuro SICU) | C12: 3.2%
... A25: admission_type | B25: EU OBSERVATION | C25: <10건
